<Anims>
 <anim name="knife_thrown_90s" root="throwingknives" numframes="125" framerate="40">
  <frame idx="0" w="180" h="65" x="-15.274079" y="-58.018475">
   <element name="dart" layername="dart" frame="4" z_index="15" m_a="0.049347" m_b="-0.992462" m_c="0.992462" m_d="0.049347" m_tx="38.150002" m_ty="3.150000"/>
  </frame>
  <frame idx="25" w="180" h="65" x="-15.274079" y="-58.018475">
   <element name="dart" layername="dart" frame="4" z_index="15" m_a="0.049347" m_b="-0.992462" m_c="0.992462" m_d="0.049347" m_tx="38.150002" m_ty="3.150000"/>
  </frame>
  <frame idx="50" w="180" h="65" x="-15.274079" y="-58.018475">
   <element name="dart" layername="dart" frame="4" z_index="15" m_a="0.049347" m_b="-0.992462" m_c="0.992462" m_d="0.049347" m_tx="38.150002" m_ty="3.150000"/>
  </frame>
  <frame idx="75" w="180" h="65" x="-15.274079" y="-58.018475">
   <element name="dart" layername="dart" frame="4" z_index="15" m_a="0.049347" m_b="-0.992462" m_c="0.992462" m_d="0.049347" m_tx="38.150002" m_ty="3.150000"/>
  </frame>
  <frame idx="100" w="180" h="65" x="-15.274079" y="-58.018475">
   <element name="dart" layername="dart" frame="4" z_index="15" m_a="0.049347" m_b="-0.992462" m_c="0.992462" m_d="0.049347" m_tx="38.150002" m_ty="3.150000"/>
  </frame>
 </anim>
 <anim name="knife_blue_90s" root="throwingknives" numframes="125" framerate="40">
  <frame idx="0" w="180" h="65" x="-15.274079" y="-58.018475">
   <element name="dart" layername="dart" frame="2" z_index="15" m_a="0.049347" m_b="-0.992462" m_c="0.992462" m_d="0.049347" m_tx="38.150002" m_ty="3.150000"/>
  </frame>
  <frame idx="25" w="180" h="65" x="-15.274079" y="-58.018475">
   <element name="dart" layername="dart" frame="2" z_index="15" m_a="0.049347" m_b="-0.992462" m_c="0.992462" m_d="0.049347" m_tx="38.150002" m_ty="3.150000"/>
  </frame>
  <frame idx="50" w="180" h="65" x="-15.274079" y="-58.018475">
   <element name="dart" layername="dart" frame="2" z_index="15" m_a="0.049347" m_b="-0.992462" m_c="0.992462" m_d="0.049347" m_tx="38.150002" m_ty="3.150000"/>
  </frame>
  <frame idx="75" w="180" h="65" x="-15.274079" y="-58.018475">
   <element name="dart" layername="dart" frame="2" z_index="15" m_a="0.049347" m_b="-0.992462" m_c="0.992462" m_d="0.049347" m_tx="38.150002" m_ty="3.150000"/>
  </frame>
  <frame idx="100" w="180" h="65" x="-15.274079" y="-58.018475">
   <element name="dart" layername="dart" frame="2" z_index="15" m_a="0.049347" m_b="-0.992462" m_c="0.992462" m_d="0.049347" m_tx="38.150002" m_ty="3.150000"/>
  </frame>
 </anim>
 <anim name="knife_red_90s" root="throwingknives" numframes="125" framerate="40">
  <frame idx="0" w="180" h="65" x="-15.274079" y="-58.018475">
   <element name="dart" layername="dart" frame="0" z_index="15" m_a="0.049347" m_b="-0.992462" m_c="0.992462" m_d="0.049347" m_tx="38.150002" m_ty="3.150000"/>
  </frame>
  <frame idx="25" w="180" h="65" x="-15.274079" y="-58.018475">
   <element name="dart" layername="dart" frame="0" z_index="15" m_a="0.049347" m_b="-0.992462" m_c="0.992462" m_d="0.049347" m_tx="38.150002" m_ty="3.150000"/>
  </frame>
  <frame idx="50" w="180" h="65" x="-15.274079" y="-58.018475">
   <element name="dart" layername="dart" frame="0" z_index="15" m_a="0.049347" m_b="-0.992462" m_c="0.992462" m_d="0.049347" m_tx="38.150002" m_ty="3.150000"/>
  </frame>
  <frame idx="75" w="180" h="65" x="-15.274079" y="-58.018475">
   <element name="dart" layername="dart" frame="0" z_index="15" m_a="0.049347" m_b="-0.992462" m_c="0.992462" m_d="0.049347" m_tx="38.150002" m_ty="3.150000"/>
  </frame>
  <frame idx="100" w="180" h="65" x="-15.274079" y="-58.018475">
   <element name="dart" layername="dart" frame="0" z_index="15" m_a="0.049347" m_b="-0.992462" m_c="0.992462" m_d="0.049347" m_tx="38.150002" m_ty="3.150000"/>
  </frame>
 </anim>
 <anim name="knife_flint_down" root="throwingknives" numframes="125" framerate="40">
  <frame idx="0" w="72" h="208" x="-4.177918" y="-40.865952">
   <element name="dart" layername="dart" frame="4" z_index="15" m_a="0.993973" m_b="0.000017" m_c="-0.000017" m_d="0.993973" m_tx="1.150000" m_ty="15.150000"/>
  </frame>
  <frame idx="25" w="72" h="208" x="-4.177918" y="-40.865952">
   <element name="dart" layername="dart" frame="4" z_index="15" m_a="0.993973" m_b="0.000017" m_c="-0.000017" m_d="0.993973" m_tx="1.150000" m_ty="15.150000"/>
  </frame>
  <frame idx="50" w="72" h="208" x="-4.177918" y="-40.865952">
   <element name="dart" layername="dart" frame="4" z_index="15" m_a="0.993973" m_b="0.000017" m_c="-0.000017" m_d="0.993973" m_tx="1.150000" m_ty="15.150000"/>
  </frame>
  <frame idx="75" w="72" h="208" x="-4.177918" y="-40.865952">
   <element name="dart" layername="dart" frame="4" z_index="15" m_a="0.993973" m_b="0.000017" m_c="-0.000017" m_d="0.993973" m_tx="1.150000" m_ty="15.150000"/>
  </frame>
  <frame idx="100" w="72" h="208" x="-4.177918" y="-40.865952">
   <element name="dart" layername="dart" frame="4" z_index="15" m_a="0.993973" m_b="0.000017" m_c="-0.000017" m_d="0.993973" m_tx="1.150000" m_ty="15.150000"/>
  </frame>
 </anim>
 <anim name="knife_flint_side" root="throwingknives" numframes="125" framerate="40">
  <frame idx="0" w="180" h="209" x="-9.124081" y="-236.881546">
   <element name="dart" layername="dart" frame="4" z_index="15" m_a="0.049347" m_b="-0.992462" m_c="0.992462" m_d="0.049347" m_tx="44.299999" m_ty="-216.798996"/>
  </frame>
  <frame idx="25" w="180" h="209" x="-9.124081" y="-236.881546">
   <element name="dart" layername="dart" frame="4" z_index="15" m_a="0.049347" m_b="-0.992462" m_c="0.992462" m_d="0.049347" m_tx="44.299999" m_ty="-216.798996"/>
  </frame>
  <frame idx="50" w="180" h="209" x="-9.124081" y="-236.881546">
   <element name="dart" layername="dart" frame="4" z_index="15" m_a="0.049347" m_b="-0.992462" m_c="0.992462" m_d="0.049347" m_tx="44.299999" m_ty="-216.798996"/>
  </frame>
  <frame idx="75" w="180" h="209" x="-9.124081" y="-236.881546">
   <element name="dart" layername="dart" frame="4" z_index="15" m_a="0.049347" m_b="-0.992462" m_c="0.992462" m_d="0.049347" m_tx="44.299999" m_ty="-216.798996"/>
  </frame>
  <frame idx="100" w="180" h="209" x="-9.124081" y="-236.881546">
   <element name="dart" layername="dart" frame="4" z_index="15" m_a="0.049347" m_b="-0.992462" m_c="0.992462" m_d="0.049347" m_tx="44.299999" m_ty="-216.798996"/>
  </frame>
 </anim>
 <anim name="knife_flint_up" root="throwingknives" numframes="125" framerate="40">
  <frame idx="0" w="72" h="183" x="-63.160706" y="-160.131638">
   <element name="dart" layername="dart" frame="4" z_index="15" m_a="-0.993988" m_b="0.000000" m_c="-0.000000" m_d="-0.993988" m_tx="3.150000" m_ty="-31.849001"/>
  </frame>
  <frame idx="25" w="72" h="183" x="-63.160706" y="-160.131638">
   <element name="dart" layername="dart" frame="4" z_index="15" m_a="-0.993988" m_b="0.000000" m_c="-0.000000" m_d="-0.993988" m_tx="3.150000" m_ty="-31.849001"/>
  </frame>
  <frame idx="50" w="72" h="183" x="-63.160706" y="-160.131638">
   <element name="dart" layername="dart" frame="4" z_index="15" m_a="-0.993988" m_b="0.000000" m_c="-0.000000" m_d="-0.993988" m_tx="3.150000" m_ty="-31.849001"/>
  </frame>
  <frame idx="75" w="72" h="183" x="-63.160706" y="-160.131638">
   <element name="dart" layername="dart" frame="4" z_index="15" m_a="-0.993988" m_b="0.000000" m_c="-0.000000" m_d="-0.993988" m_tx="3.150000" m_ty="-31.849001"/>
  </frame>
  <frame idx="100" w="72" h="183" x="-63.160706" y="-160.131638">
   <element name="dart" layername="dart" frame="4" z_index="15" m_a="-0.993988" m_b="0.000000" m_c="-0.000000" m_d="-0.993988" m_tx="3.150000" m_ty="-31.849001"/>
  </frame>
 </anim>
 <anim name="idle_knife_90s" root="throwingknives" numframes="125" framerate="40">
  <frame idx="0" w="276" h="476" x="-132.841934" y="-243.662491">
   <element name="grass" layername="grass" frame="0" z_index="13" m_a="1.000000" m_b="0.000000" m_c="0.000000" m_d="1.000000" m_tx="11.200000" m_ty="16.950001"/>
   <element name="dart" layername="dart" frame="5" z_index="14" m_a="0.954666" m_b="0.280304" m_c="-0.280304" m_d="0.954666" m_tx="31.850000" m_ty="12.750000"/>
   <element name="pipe" layername="pipe" frame="0" z_index="15" m_a="-0.923480" m_b="0.174510" m_c="-0.170693" m_d="-0.903278" m_tx="-22.499001" m_ty="-53.799000"/>
  </frame>
  <frame idx="25" w="276" h="476" x="-132.841934" y="-243.662491">
   <element name="grass" layername="grass" frame="0" z_index="13" m_a="1.000000" m_b="0.000000" m_c="0.000000" m_d="1.000000" m_tx="11.200000" m_ty="16.950001"/>
   <element name="dart" layername="dart" frame="5" z_index="14" m_a="0.954666" m_b="0.280304" m_c="-0.280304" m_d="0.954666" m_tx="31.850000" m_ty="12.750000"/>
   <element name="pipe" layername="pipe" frame="0" z_index="15" m_a="-0.923480" m_b="0.174510" m_c="-0.170693" m_d="-0.903278" m_tx="-22.499001" m_ty="-53.799000"/>
  </frame>
  <frame idx="50" w="276" h="476" x="-132.841934" y="-243.662491">
   <element name="grass" layername="grass" frame="0" z_index="13" m_a="1.000000" m_b="0.000000" m_c="0.000000" m_d="1.000000" m_tx="11.200000" m_ty="16.950001"/>
   <element name="dart" layername="dart" frame="5" z_index="14" m_a="0.954666" m_b="0.280304" m_c="-0.280304" m_d="0.954666" m_tx="31.850000" m_ty="12.750000"/>
   <element name="pipe" layername="pipe" frame="0" z_index="15" m_a="-0.923480" m_b="0.174510" m_c="-0.170693" m_d="-0.903278" m_tx="-22.499001" m_ty="-53.799000"/>
  </frame>
  <frame idx="75" w="276" h="476" x="-132.841934" y="-243.662491">
   <element name="grass" layername="grass" frame="0" z_index="13" m_a="1.000000" m_b="0.000000" m_c="0.000000" m_d="1.000000" m_tx="11.200000" m_ty="16.950001"/>
   <element name="dart" layername="dart" frame="5" z_index="14" m_a="0.954666" m_b="0.280304" m_c="-0.280304" m_d="0.954666" m_tx="31.850000" m_ty="12.750000"/>
   <element name="pipe" layername="pipe" frame="0" z_index="15" m_a="-0.923480" m_b="0.174510" m_c="-0.170693" m_d="-0.903278" m_tx="-22.499001" m_ty="-53.799000"/>
  </frame>
  <frame idx="100" w="276" h="476" x="-132.841934" y="-243.662491">
   <element name="grass" layername="grass" frame="0" z_index="13" m_a="1.000000" m_b="0.000000" m_c="0.000000" m_d="1.000000" m_tx="11.200000" m_ty="16.950001"/>
   <element name="dart" layername="dart" frame="5" z_index="14" m_a="0.954666" m_b="0.280304" m_c="-0.280304" m_d="0.954666" m_tx="31.850000" m_ty="12.750000"/>
   <element name="pipe" layername="pipe" frame="0" z_index="15" m_a="-0.923480" m_b="0.174510" m_c="-0.170693" m_d="-0.903278" m_tx="-22.499001" m_ty="-53.799000"/>
  </frame>
 </anim>
 <anim name="idle_blue_90s" root="throwingknives" numframes="125" framerate="40">
  <frame idx="0" w="168" h="314" x="-34.783779" y="-86.658798">
   <element name="grass" layername="grass" frame="0" z_index="13" m_a="1.000000" m_b="0.000000" m_c="0.000000" m_d="1.000000" m_tx="11.200000" m_ty="16.950001"/>
   <element name="dart" layername="dart" frame="3" z_index="14" m_a="0.954666" m_b="0.280304" m_c="-0.280304" m_d="0.954666" m_tx="33.849998" m_ty="2.750000"/>
   <element name="gun" layername="gun" frame="1" z_index="15" m_a="0.944062" m_b="-0.326492" m_c="0.326492" m_d="0.944062" m_tx="-0.999000" m_ty="-2.949000"/>
  </frame>
  <frame idx="25" w="168" h="314" x="-34.783779" y="-86.658798">
   <element name="grass" layername="grass" frame="0" z_index="13" m_a="1.000000" m_b="0.000000" m_c="0.000000" m_d="1.000000" m_tx="11.200000" m_ty="16.950001"/>
   <element name="dart" layername="dart" frame="3" z_index="14" m_a="0.954666" m_b="0.280304" m_c="-0.280304" m_d="0.954666" m_tx="33.849998" m_ty="2.750000"/>
   <element name="gun" layername="gun" frame="1" z_index="15" m_a="0.944062" m_b="-0.326492" m_c="0.326492" m_d="0.944062" m_tx="-0.999000" m_ty="-2.949000"/>
  </frame>
  <frame idx="50" w="168" h="314" x="-34.783779" y="-86.658798">
   <element name="grass" layername="grass" frame="0" z_index="13" m_a="1.000000" m_b="0.000000" m_c="0.000000" m_d="1.000000" m_tx="11.200000" m_ty="16.950001"/>
   <element name="dart" layername="dart" frame="3" z_index="14" m_a="0.954666" m_b="0.280304" m_c="-0.280304" m_d="0.954666" m_tx="33.849998" m_ty="2.750000"/>
   <element name="gun" layername="gun" frame="1" z_index="15" m_a="0.944062" m_b="-0.326492" m_c="0.326492" m_d="0.944062" m_tx="-0.999000" m_ty="-2.949000"/>
  </frame>
  <frame idx="75" w="168" h="314" x="-34.783779" y="-86.658798">
   <element name="grass" layername="grass" frame="0" z_index="13" m_a="1.000000" m_b="0.000000" m_c="0.000000" m_d="1.000000" m_tx="11.200000" m_ty="16.950001"/>
   <element name="dart" layername="dart" frame="3" z_index="14" m_a="0.954666" m_b="0.280304" m_c="-0.280304" m_d="0.954666" m_tx="33.849998" m_ty="2.750000"/>
   <element name="gun" layername="gun" frame="1" z_index="15" m_a="0.944062" m_b="-0.326492" m_c="0.326492" m_d="0.944062" m_tx="-0.999000" m_ty="-2.949000"/>
  </frame>
  <frame idx="100" w="168" h="314" x="-34.783779" y="-86.658798">
   <element name="grass" layername="grass" frame="0" z_index="13" m_a="1.000000" m_b="0.000000" m_c="0.000000" m_d="1.000000" m_tx="11.200000" m_ty="16.950001"/>
   <element name="dart" layername="dart" frame="3" z_index="14" m_a="0.954666" m_b="0.280304" m_c="-0.280304" m_d="0.954666" m_tx="33.849998" m_ty="2.750000"/>
   <element name="gun" layername="gun" frame="1" z_index="15" m_a="0.944062" m_b="-0.326492" m_c="0.326492" m_d="0.944062" m_tx="-0.999000" m_ty="-2.949000"/>
  </frame>
 </anim>
 <anim name="idle_red_90s" root="throwingknives" numframes="125" framerate="40">
  <frame idx="0" w="168" h="314" x="-34.783779" y="-86.658798">
   <element name="grass" layername="grass" frame="0" z_index="13" m_a="1.000000" m_b="0.000000" m_c="0.000000" m_d="1.000000" m_tx="11.200000" m_ty="16.950001"/>
   <element name="dart" layername="dart" frame="1" z_index="14" m_a="0.954666" m_b="0.280304" m_c="-0.280304" m_d="0.954666" m_tx="33.849998" m_ty="2.750000"/>
   <element name="gun" layername="gun" frame="1" z_index="15" m_a="0.944062" m_b="-0.326492" m_c="0.326492" m_d="0.944062" m_tx="-0.999000" m_ty="-2.949000"/>
  </frame>
  <frame idx="25" w="168" h="314" x="-34.783779" y="-86.658798">
   <element name="grass" layername="grass" frame="0" z_index="13" m_a="1.000000" m_b="0.000000" m_c="0.000000" m_d="1.000000" m_tx="11.200000" m_ty="16.950001"/>
   <element name="dart" layername="dart" frame="1" z_index="14" m_a="0.954666" m_b="0.280304" m_c="-0.280304" m_d="0.954666" m_tx="33.849998" m_ty="2.750000"/>
   <element name="gun" layername="gun" frame="1" z_index="15" m_a="0.944062" m_b="-0.326492" m_c="0.326492" m_d="0.944062" m_tx="-0.999000" m_ty="-2.949000"/>
  </frame>
  <frame idx="50" w="168" h="314" x="-34.783779" y="-86.658798">
   <element name="grass" layername="grass" frame="0" z_index="13" m_a="1.000000" m_b="0.000000" m_c="0.000000" m_d="1.000000" m_tx="11.200000" m_ty="16.950001"/>
   <element name="dart" layername="dart" frame="1" z_index="14" m_a="0.954666" m_b="0.280304" m_c="-0.280304" m_d="0.954666" m_tx="33.849998" m_ty="2.750000"/>
   <element name="gun" layername="gun" frame="1" z_index="15" m_a="0.944062" m_b="-0.326492" m_c="0.326492" m_d="0.944062" m_tx="-0.999000" m_ty="-2.949000"/>
  </frame>
  <frame idx="75" w="168" h="314" x="-34.783779" y="-86.658798">
   <element name="grass" layername="grass" frame="0" z_index="13" m_a="1.000000" m_b="0.000000" m_c="0.000000" m_d="1.000000" m_tx="11.200000" m_ty="16.950001"/>
   <element name="dart" layername="dart" frame="1" z_index="14" m_a="0.954666" m_b="0.280304" m_c="-0.280304" m_d="0.954666" m_tx="33.849998" m_ty="2.750000"/>
   <element name="gun" layername="gun" frame="1" z_index="15" m_a="0.944062" m_b="-0.326492" m_c="0.326492" m_d="0.944062" m_tx="-0.999000" m_ty="-2.949000"/>
  </frame>
  <frame idx="100" w="168" h="314" x="-34.783779" y="-86.658798">
   <element name="grass" layername="grass" frame="0" z_index="13" m_a="1.000000" m_b="0.000000" m_c="0.000000" m_d="1.000000" m_tx="11.200000" m_ty="16.950001"/>
   <element name="dart" layername="dart" frame="1" z_index="14" m_a="0.954666" m_b="0.280304" m_c="-0.280304" m_d="0.954666" m_tx="33.849998" m_ty="2.750000"/>
   <element name="gun" layername="gun" frame="1" z_index="15" m_a="0.944062" m_b="-0.326492" m_c="0.326492" m_d="0.944062" m_tx="-0.999000" m_ty="-2.949000"/>
  </frame>
 </anim>
</Anims>
