<Anims>
 <anim name="idle_90s" root="throwingknifeflint" numframes="125" framerate="40">
  <frame idx="0" w="183" h="130" x="-51.024429" y="-41.898457">
   <element name="boomerang01" layername="boomeran" frame="1" z_index="6" m_a="1.000000" m_b="0.000000" m_c="0.000000" m_d="1.000000" m_tx="0.350000" m_ty="-0.349000"/>
  </frame>
  <frame idx="25" w="183" h="130" x="-51.024429" y="-41.898457">
   <element name="boomerang01" layername="boomeran" frame="1" z_index="6" m_a="1.000000" m_b="0.000000" m_c="0.000000" m_d="1.000000" m_tx="0.350000" m_ty="-0.349000"/>
  </frame>
  <frame idx="50" w="183" h="130" x="-51.024429" y="-41.898457">
   <element name="boomerang01" layername="boomeran" frame="1" z_index="6" m_a="1.000000" m_b="0.000000" m_c="0.000000" m_d="1.000000" m_tx="0.350000" m_ty="-0.349000"/>
  </frame>
  <frame idx="75" w="183" h="130" x="-51.024429" y="-41.898457">
   <element name="boomerang01" layername="boomeran" frame="1" z_index="6" m_a="1.000000" m_b="0.000000" m_c="0.000000" m_d="1.000000" m_tx="0.350000" m_ty="-0.349000"/>
  </frame>
  <frame idx="100" w="183" h="130" x="-51.024429" y="-41.898457">
   <element name="boomerang01" layername="boomeran" frame="1" z_index="6" m_a="1.000000" m_b="0.000000" m_c="0.000000" m_d="1.000000" m_tx="0.350000" m_ty="-0.349000"/>
  </frame>
 </anim>
 <anim name="spin_loop_90s" root="throwingknifeflint" numframes="250" framerate="40">
  <frame idx="0" w="178" h="363" x="8.025522" y="-192.623444">
   <element name="boomerang01" layername="boomeran" frame="0" z_index="6" m_a="1.000000" m_b="0.000000" m_c="0.000000" m_d="1.000000" m_tx="0.350000" m_ty="-189.348999"/>
  </frame>
  <frame idx="25" w="74" h="405" x="-1.977154" y="-188.207047">
   <element name="boomerang01" layername="boomeran" frame="0" z_index="6" m_a="0.837480" m_b="0.544248" m_c="-0.544248" m_d="0.837480" m_tx="0.350000" m_ty="-189.348999"/>
  </frame>
  <frame idx="50" w="59" h="389" x="-68.879280" y="-190.299332">
   <element name="boomerang01" layername="boomeran" frame="0" z_index="6" m_a="0.394139" m_b="0.918127" m_c="-0.918127" m_d="0.394139" m_tx="0.350000" m_ty="-189.348999"/>
  </frame>
  <frame idx="75" w="171" h="318" x="-186.952972" y="-198.728043">
   <element name="boomerang01" layername="boomeran" frame="0" z_index="6" m_a="-0.188716" m_b="0.981625" m_c="-0.981625" m_d="-0.188716" m_tx="0.350000" m_ty="-189.348999"/>
  </frame>
  <frame idx="100" w="225" h="218" x="-240.213348" y="-211.002640">
   <element name="boomerang01" layername="boomeran" frame="0" z_index="6" m_a="-0.704770" m_b="0.707111" m_c="-0.707111" m_d="-0.704770" m_tx="0.350000" m_ty="-189.348999"/>
  </frame>
  <frame idx="125" w="203" h="122" x="-213.173065" y="-221.786163">
   <element name="boomerang01" layername="boomeran" frame="0" z_index="6" m_a="-0.977949" m_b="0.206744" m_c="-0.206744" m_d="-0.977949" m_tx="0.350000" m_ty="-189.348999"/>
  </frame>
  <frame idx="150" w="115" h="61" x="-114.626266" y="-228.533798">
   <element name="boomerang01" layername="boomeran" frame="0" z_index="6" m_a="-0.927327" m_b="-0.372111" m_c="0.372111" m_d="-0.927327" m_tx="0.350000" m_ty="-189.348999"/>
  </frame>
  <frame idx="175" w="17" h="57" x="8.718174" y="-228.332764">
   <element name="boomerang01" layername="boomeran" frame="0" z_index="6" m_a="-0.558750" m_b="-0.827830" m_c="0.827830" m_d="-0.558750" m_tx="0.350000" m_ty="-189.348999"/>
  </frame>
  <frame idx="200" w="141" h="111" x="15.577606" y="-221.522049">
   <element name="boomerang01" layername="boomeran" frame="0" z_index="6" m_a="0.000091" m_b="-1.000000" m_c="1.000000" m_d="0.000091" m_tx="0.350000" m_ty="-189.348999"/>
  </frame>
  <frame idx="225" w="214" h="203" x="17.502102" y="-210.435440">
   <element name="boomerang01" layername="boomeran" frame="0" z_index="6" m_a="0.546305" m_b="-0.836139" m_c="0.836139" m_d="0.546305" m_tx="0.350000" m_ty="-189.348999"/>
  </frame>
 </anim>
 <anim name="used_90s" root="throwingknifeflint" numframes="725" framerate="40">
  <frame idx="0" w="122" h="538" x="-42.904457" y="-390.748260">
   <element name="broketool01" layername="broketoo" frame="3" z_index="3" m_a="-0.151176" m_b="0.922271" m_c="-0.922271" m_d="-0.151176" m_tx="44.200001" m_ty="-294.799011"/>
   <element name="broketool01" layername="broketoo" frame="2" z_index="4" m_a="0.803444" m_b="0.480623" m_c="-0.381141" m_d="0.637142" m_tx="29.150000" m_ty="-345.449005"/>
   <element name="broketool01" layername="broketoo" frame="1" z_index="5" m_a="0.000067" m_b="-0.739624" m_c="0.772110" m_d="0.000070" m_tx="-9.099000" m_ty="-301.799011"/>
   <element name="broketool01" layername="broketoo" frame="0" z_index="6" m_a="0.885619" m_b="-0.305315" m_c="0.245756" m_d="0.712859" m_tx="-1.949000" m_ty="-214.399002"/>
  </frame>
  <frame idx="25" w="153" h="599" x="-63.660465" y="-444.697754">
   <element name="broketool01" layername="broketoo" frame="3" z_index="3" m_a="-0.654280" m_b="0.665779" m_c="-0.665779" m_d="-0.654280" m_tx="48.905880" m_ty="-332.703400"/>
   <element name="broketool01" layername="broketoo" frame="2" z_index="4" m_a="0.541174" m_b="0.762721" m_c="-0.604851" m_d="0.429160" m_tx="36.208824" m_ty="-393.684296"/>
   <element name="broketool01" layername="broketoo" frame="1" z_index="5" m_a="-0.083297" m_b="-0.734483" m_c="0.777316" m_d="-0.088155" m_tx="-9.099000" m_ty="-319.446075"/>
   <element name="broketool01" layername="broketoo" frame="0" z_index="6" m_a="0.840017" m_b="-0.413753" m_c="0.333039" m_d="0.676150" m_tx="1.579676" m_ty="-223.810776"/>
  </frame>
  <frame idx="50" w="150" h="632" x="-51.796047" y="-479.676636">
   <element name="broketool01" layername="broketoo" frame="3" z_index="3" m_a="-0.914924" m_b="0.179221" m_c="-0.179221" m_d="-0.914924" m_tx="47.496967" m_ty="-386.688385"/>
   <element name="broketool01" layername="broketoo" frame="2" z_index="4" m_a="0.078339" m_b="0.930804" m_c="-0.738145" m_d="0.062124" m_tx="47.089394" m_ty="-425.012634"/>
   <element name="broketool01" layername="broketoo" frame="1" z_index="5" m_a="-0.203166" m_b="-0.710258" m_c="0.755361" m_d="-0.216067" m_tx="-12.202030" m_ty="-354.502045"/>
   <element name="broketool01" layername="broketoo" frame="0" z_index="6" m_a="0.746733" m_b="-0.564067" m_c="0.454029" m_d="0.601060" m_tx="6.728788" m_ty="-262.447479"/>
  </frame>
  <frame idx="75" w="128" h="629" x="-27.135319" y="-495.365845">
   <element name="broketool01" layername="broketoo" frame="3" z_index="3" m_a="-0.891167" m_b="-0.269450" m_c="0.269450" m_d="-0.891167" m_tx="44.769699" m_ty="-436.906586"/>
   <element name="broketool01" layername="broketoo" frame="2" z_index="4" m_a="-0.395080" m_b="0.845228" m_c="-0.670285" m_d="-0.313308" m_tx="57.574242" m_ty="-441.012634"/>
   <element name="broketool01" layername="broketoo" frame="1" z_index="5" m_a="-0.400578" m_b="-0.619998" m_c="0.659372" m_d="-0.426017" m_tx="-15.886879" m_ty="-396.247467"/>
   <element name="broketool01" layername="broketoo" frame="0" z_index="6" m_a="0.564327" m_b="-0.745587" m_c="0.600131" m_d="0.454233" m_tx="10.462122" m_ty="-317.074738"/>
  </frame>
  <frame idx="100" w="150" h="632" x="-57.140785" y="-516.830078">
   <element name="broketool01" layername="broketoo" frame="3" z_index="3" m_a="-0.789706" m_b="-0.490078" m_c="0.490078" m_d="-0.789706" m_tx="46.549999" m_ty="-459.898987"/>
   <element name="broketool01" layername="broketoo" frame="2" z_index="4" m_a="-0.663068" m_b="0.655062" m_c="-0.519484" m_d="-0.525833" m_tx="62.650002" m_ty="-444.648987"/>
   <element name="broketool01" layername="broketoo" frame="1" z_index="5" m_a="-0.650416" m_b="-0.347129" m_c="0.369177" m_d="-0.691726" m_tx="-17.099001" m_ty="-431.398987"/>
   <element name="broketool01" layername="broketoo" frame="0" z_index="6" m_a="0.243466" m_b="-0.901805" m_c="0.725858" m_d="0.195964" m_tx="9.250000" m_ty="-370.748993"/>
  </frame>
  <frame idx="125" w="158" h="648" x="-70.892174" y="-540.912964">
   <element name="broketool01" layername="broketoo" frame="3" z_index="3" m_a="-0.641302" m_b="-0.673334" m_c="0.673334" m_d="-0.641302" m_tx="48.351471" m_ty="-482.288696"/>
   <element name="broketool01" layername="broketoo" frame="2" z_index="4" m_a="-0.797844" m_b="0.479111" m_c="-0.379954" m_d="-0.632722" m_tx="69.708824" m_ty="-432.884277"/>
   <element name="broketool01" layername="broketoo" frame="1" z_index="5" m_a="-0.692248" m_b="-0.251716" m_c="0.267604" m_d="-0.735940" m_tx="-20.885765" m_ty="-437.281342"/>
   <element name="broketool01" layername="broketoo" frame="0" z_index="6" m_a="0.096635" m_b="-0.928389" m_c="0.747403" m_d="0.077797" m_tx="9.176471" m_ty="-377.807831"/>
  </frame>
  <frame idx="150" w="178" h="653" x="-84.527779" y="-553.715210">
   <element name="broketool01" layername="broketoo" frame="3" z_index="3" m_a="-0.453779" m_b="-0.810937" m_c="0.810937" m_d="-0.453779" m_tx="49.000000" m_ty="-494.203552"/>
   <element name="broketool01" layername="broketoo" frame="2" z_index="4" m_a="-0.889228" m_b="0.273581" m_c="-0.216960" m_d="-0.705190" m_tx="76.904549" m_ty="-420.891418"/>
   <element name="broketool01" layername="broketoo" frame="1" z_index="5" m_a="-0.720723" m_b="-0.151051" m_c="0.160604" m_d="-0.766306" m_tx="-24.745970" m_ty="-443.277771"/>
   <element name="broketool01" layername="broketoo" frame="0" z_index="6" m_a="-0.054610" m_b="-0.931440" m_c="0.749815" m_d="-0.043961" m_tx="9.198484" m_ty="-385.003540"/>
  </frame>
  <frame idx="175" w="208" h="651" x="-97.554672" y="-559.835205">
   <element name="broketool01" layername="broketoo" frame="3" z_index="3" m_a="-0.239264" m_b="-0.897184" m_c="0.897184" m_d="-0.239264" m_tx="49.000000" m_ty="-500.250519"/>
   <element name="broketool01" layername="broketoo" frame="2" z_index="4" m_a="-0.929873" m_b="0.025120" m_c="-0.019921" m_d="-0.737421" m_tx="83.389389" m_ty="-405.873230"/>
   <element name="broketool01" layername="broketoo" frame="1" z_index="5" m_a="-0.734233" m_b="-0.054491" m_c="0.057958" m_d="-0.780938" m_tx="-28.368698" m_ty="-447.811096"/>
   <element name="broketool01" layername="broketoo" frame="0" z_index="6" m_a="-0.194678" m_b="-0.912067" m_c="0.734047" m_d="-0.156680" m_tx="9.056061" m_ty="-390.736877"/>
  </frame>
  <frame idx="200" w="243" h="648" x="-108.654701" y="-565.194824">
   <element name="broketool01" layername="broketoo" frame="3" z_index="3" m_a="-0.009049" m_b="-0.928757" m_c="0.928757" m_d="-0.009049" m_tx="49.000000" m_ty="-506.348999"/>
   <element name="broketool01" layername="broketoo" frame="2" z_index="4" m_a="-0.886976" m_b="-0.276177" m_c="0.219022" m_d="-0.703415" m_tx="88.199997" m_ty="-384.699005"/>
   <element name="broketool01" layername="broketoo" frame="1" z_index="5" m_a="-0.735250" m_b="0.027295" m_c="-0.029037" m_d="-0.782194" m_tx="-31.399000" m_ty="-449.098999"/>
   <element name="broketool01" layername="broketoo" frame="0" z_index="6" m_a="-0.307930" m_b="-0.879309" m_c="0.707467" m_d="-0.247752" m_tx="8.450000" m_ty="-393.199005"/>
  </frame>
  <frame idx="225" w="270" h="652" x="-117.879608" y="-571.063293">
   <element name="broketool01" layername="broketoo" frame="3" z_index="3" m_a="0.211137" m_b="-0.904063" m_c="0.904063" m_d="0.211137" m_tx="49.000000" m_ty="-512.231323"/>
   <element name="broketool01" layername="broketoo" frame="2" z_index="4" m_a="-0.754642" m_b="-0.541931" m_c="0.429765" m_d="-0.598451" m_tx="92.942650" m_ty="-364.074005"/>
   <element name="broketool01" layername="broketoo" frame="1" z_index="5" m_a="-0.728023" m_b="0.106334" m_c="-0.113100" m_d="-0.774341" m_tx="-34.340176" m_ty="-450.201935"/>
   <element name="broketool01" layername="broketoo" frame="0" z_index="6" m_a="-0.414829" m_b="-0.834458" m_c="0.671580" m_d="-0.333859" m_tx="7.861765" m_ty="-395.515167"/>
  </frame>
  <frame idx="250" w="292" h="657" x="-125.755516" y="-570.961426">
   <element name="broketool01" layername="broketoo" frame="3" z_index="3" m_a="0.449658" m_b="-0.811019" m_c="0.811019" m_d="0.449658" m_tx="48.200001" m_ty="-512.530823"/>
   <element name="broketool01" layername="broketoo" frame="2" z_index="4" m_a="-0.548410" m_b="-0.748634" m_c="0.593687" m_d="-0.434904" m_tx="97.777275" m_ty="-332.188385"/>
   <element name="broketool01" layername="broketoo" frame="1" z_index="5" m_a="-0.710758" m_b="0.187729" m_c="-0.199706" m_d="-0.756102" m_tx="-36.538395" m_ty="-447.883850"/>
   <element name="broketool01" layername="broketoo" frame="0" z_index="6" m_a="-0.520943" m_b="-0.771632" m_c="0.621055" m_d="-0.419286" m_tx="6.874242" m_ty="-389.779297"/>
  </frame>
  <frame idx="275" w="303" h="672" x="-131.501373" y="-567.862671">
   <element name="broketool01" layername="broketoo" frame="3" z_index="3" m_a="0.667380" m_b="-0.642446" m_c="0.642446" m_d="0.667380" m_tx="46.962120" m_ty="-509.689911"/>
   <element name="broketool01" layername="broketoo" frame="2" z_index="4" m_a="-0.290869" m_b="-0.880039" m_c="0.697899" m_d="-0.230668" m_tx="102.639389" m_ty="-293.992950"/>
   <element name="broketool01" layername="broketoo" frame="1" z_index="5" m_a="-0.683451" m_b="0.269368" m_c="-0.286591" m_d="-0.727151" m_tx="-38.342941" m_ty="-443.641418"/>
   <element name="broketool01" layername="broketoo" frame="0" z_index="6" m_a="-0.621080" m_b="-0.692538" m_c="0.557382" m_d="-0.499870" m_tx="5.662121" m_ty="-379.489929"/>
  </frame>
  <frame idx="300" w="322" h="700" x="-136.976318" y="-566.073608">
   <element name="broketool01" layername="broketoo" frame="3" z_index="3" m_a="0.826828" m_b="-0.417648" m_c="0.417648" m_d="0.826828" m_tx="45.750000" m_ty="-506.848999"/>
   <element name="broketool01" layername="broketoo" frame="2" z_index="4" m_a="-0.005426" m_b="-0.926880" m_c="0.735031" m_d="-0.004303" m_tx="107.449997" m_ty="-255.848999"/>
   <element name="broketool01" layername="broketoo" frame="1" z_index="5" m_a="-0.646863" m_b="0.349087" m_c="-0.371264" m_d="-0.687958" m_tx="-40.199001" m_ty="-439.398987"/>
   <element name="broketool01" layername="broketoo" frame="0" z_index="6" m_a="-0.710811" m_b="-0.601150" m_c="0.483864" m_d="-0.572131" m_tx="4.450000" m_ty="-369.148987"/>
  </frame>
  <frame idx="325" w="341" h="724" x="-143.728989" y="-563.885559">
   <element name="broketool01" layername="broketoo" frame="3" z_index="3" m_a="0.912276" m_b="-0.164238" m_c="0.164238" m_d="0.912276" m_tx="44.610294" m_ty="-504.128387"/>
   <element name="broketool01" layername="broketoo" frame="2" z_index="4" m_a="0.129505" m_b="-0.916986" m_c="0.727171" m_d="0.102697" m_tx="111.604408" m_ty="-235.885773"/>
   <element name="broketool01" layername="broketoo" frame="1" z_index="5" m_a="-0.562719" m_b="0.470953" m_c="-0.500873" m_d="-0.598468" m_tx="-44.316647" m_ty="-410.538696"/>
   <element name="broketool01" layername="broketoo" frame="0" z_index="6" m_a="-0.766866" m_b="-0.525343" m_c="0.422927" m_d="-0.617364" m_tx="2.685294" m_ty="-339.148987"/>
  </frame>
  <frame idx="350" w="356" h="732" x="-147.745819" y="-549.454346">
   <element name="broketool01" layername="broketoo" frame="3" z_index="3" m_a="0.917628" m_b="0.125367" m_c="-0.125367" m_d="0.917628" m_tx="44.200001" m_ty="-490.712616"/>
   <element name="broketool01" layername="broketoo" frame="2" z_index="4" m_a="0.266095" m_b="-0.886737" m_c="0.703180" m_d="0.211013" m_tx="115.790909" m_ty="-215.535370"/>
   <element name="broketool01" layername="broketoo" frame="1" z_index="5" m_a="-0.455258" m_b="0.575311" m_c="-0.611863" m_d="-0.484183" m_tx="-48.514153" m_ty="-381.167175"/>
   <element name="broketool01" layername="broketoo" frame="0" z_index="6" m_a="-0.817026" m_b="-0.443384" m_c="0.356923" m_d="-0.657704" m_tx="0.886848" m_ty="-308.567200"/>
  </frame>
  <frame idx="375" w="300" h="725" x="-137.151001" y="-528.205322">
   <element name="broketool01" layername="broketoo" frame="3" z_index="3" m_a="0.827394" m_b="0.413688" m_c="-0.413688" m_d="0.827394" m_tx="44.200001" m_ty="-471.305054"/>
   <element name="broketool01" layername="broketoo" frame="2" z_index="4" m_a="0.774146" m_b="-0.416644" m_c="0.353159" m_d="0.656188" m_tx="73.900864" m_ty="-224.193298"/>
   <element name="broketool01" layername="broketoo" frame="1" z_index="5" m_a="-0.548140" m_b="0.556759" m_c="-0.550606" m_d="-0.542083" m_tx="-39.476273" m_ty="-332.372833"/>
   <element name="broketool01" layername="broketoo" frame="0" z_index="6" m_a="-0.846968" m_b="-0.384452" m_c="0.309440" m_d="-0.681713" m_tx="-0.349000" m_ty="-287.549011"/>
  </frame>
  <frame idx="400" w="194" h="707" x="-126.460381" y="-506.387604">
   <element name="broketool01" layername="broketoo" frame="3" z_index="4" m_a="0.649643" m_b="0.658433" m_c="-0.658433" m_d="0.649643" m_tx="44.200001" m_ty="-451.949005"/>
   <element name="broketool01" layername="broketoo" frame="1" z_index="5" m_a="-0.046019" m_b="0.731863" m_c="-0.778086" m_d="-0.048925" m_tx="-61.849838" m_ty="-300.083008"/>
   <element name="broketool01" layername="broketoo" frame="0" z_index="6" m_a="-0.929053" m_b="0.016314" m_c="-0.013130" m_d="-0.747726" m_tx="-0.684066" m_ty="-244.709503"/>
   <element name="broketool01" layername="broketoo" frame="0" z_index="6" m_a="-0.846968" m_b="-0.384452" m_c="0.309440" m_d="-0.681713" m_tx="-0.349000" m_ty="-287.549011"/>
  </frame>
  <frame idx="425" w="173" h="670" x="-113.629730" y="-480.000793">
   <element name="broketool01" layername="broketoo" frame="3" z_index="4" m_a="0.380908" m_b="0.841649" m_c="-0.841649" m_d="0.380908" m_tx="43.611767" m_ty="-429.044586"/>
   <element name="broketool01" layername="broketoo" frame="1" z_index="5" m_a="0.204393" m_b="0.703873" m_c="-0.748533" m_d="0.217362" m_tx="-71.477844" m_ty="-252.525894"/>
   <element name="broketool01" layername="broketoo" frame="0" z_index="6" m_a="-0.874298" m_b="0.313426" m_c="-0.252265" m_d="-0.703691" m_tx="-1.695986" m_ty="-210.607513"/>
   <element name="broketool01" layername="broketoo" frame="0" z_index="6" m_a="-0.765709" m_b="-0.528935" m_c="0.425734" m_d="-0.616311" m_tx="-0.468760" m_ty="-282.073700"/>
  </frame>
  <frame idx="450" w="154" h="621" x="-98.532234" y="-452.748627">
   <element name="broketool01" layername="broketoo" frame="3" z_index="4" m_a="0.061018" m_b="0.921457" m_c="-0.921457" m_d="0.061018" m_tx="43.012123" m_ty="-405.647491"/>
   <element name="broketool01" layername="broketoo" frame="1" z_index="5" m_a="0.405022" m_b="0.608821" m_c="-0.647519" m_d="0.430766" m_tx="-78.710777" m_ty="-224.177811"/>
   <element name="broketool01" layername="broketoo" frame="0" z_index="6" m_a="-0.703421" m_b="0.604665" m_c="-0.486722" m_d="-0.566215" m_tx="-2.652962" m_ty="-182.043427"/>
   <element name="broketool01" layername="broketoo" frame="0" z_index="6" m_a="-0.660042" m_b="-0.656773" m_c="0.528632" m_d="-0.531263" m_tx="-0.588521" m_ty="-276.598419"/>
  </frame>
  <frame idx="475" w="150" h="557" x="-96.057503" y="-422.510101">
   <element name="broketool01" layername="broketoo" frame="3" z_index="4" m_a="-0.293920" m_b="0.874990" m_c="-0.874990" m_d="-0.293920" m_tx="43.763634" m_ty="-380.045990"/>
   <element name="broketool01" layername="broketoo" frame="1" z_index="5" m_a="0.556355" m_b="0.471584" m_c="-0.501559" m_d="0.591718" m_tx="-84.482689" m_ty="-206.607910"/>
   <element name="broketool01" layername="broketoo" frame="0" z_index="6" m_a="-0.422087" m_b="0.824967" m_c="-0.664083" m_d="-0.339772" m_tx="-3.331290" m_ty="-156.446045"/>
   <element name="broketool01" layername="broketoo" frame="0" z_index="6" m_a="-0.533298" m_b="-0.763887" m_c="0.614849" m_d="-0.429249" m_tx="-0.708281" m_ty="-271.123108"/>
  </frame>
  <frame idx="500" w="159" h="478" x="-102.042671" y="-388.052368">
   <element name="broketool01" layername="broketoo" frame="3" z_index="4" m_a="-0.644534" m_b="0.658567" m_c="-0.658567" m_d="-0.644534" m_tx="47.400002" m_ty="-350.348999"/>
   <element name="broketool01" layername="broketoo" frame="1" z_index="5" m_a="0.664125" m_b="0.299738" m_c="-0.318781" m_d="0.706318" m_tx="-90.039116" m_ty="-188.844330"/>
   <element name="broketool01" layername="broketoo" frame="0" z_index="6" m_a="-0.078850" m_b="0.923921" m_c="-0.743643" m_d="-0.063465" m_tx="-3.570487" m_ty="-130.644852"/>
   <element name="broketool01" layername="broketoo" frame="0" z_index="6" m_a="-0.389481" m_b="-0.846853" m_c="0.681631" m_d="-0.313493" m_tx="-0.828042" m_ty="-265.647797"/>
  </frame>
  <frame idx="525" w="162" h="441" x="-102.090500" y="-358.356812">
   <element name="broketool01" layername="broketoo" frame="3" z_index="4" m_a="-0.863749" m_b="0.323172" m_c="-0.323172" m_d="-0.863749" m_tx="50.929413" m_ty="-321.525452"/>
   <element name="broketool01" layername="broketoo" frame="1" z_index="5" m_a="0.696210" m_b="0.212108" m_c="-0.225495" m_d="0.740150" m_tx="-90.311462" m_ty="-172.208694"/>
   <element name="broketool01" layername="broketoo" frame="0" z_index="6" m_a="-0.078850" m_b="0.923921" m_c="-0.743643" m_d="-0.063465" m_tx="-3.570487" m_ty="-130.644852"/>
   <element name="broketool01" layername="broketoo" frame="0" z_index="6" m_a="-0.233140" m_b="-0.903010" m_c="0.726834" m_d="-0.187655" m_tx="-0.947802" m_ty="-260.172516"/>
  </frame>
  <frame idx="550" w="171" h="380" x="-103.059196" y="-321.187592">
   <element name="broketool01" layername="broketoo" frame="3" z_index="5" m_a="-0.919826" m_b="-0.059072" m_c="0.059072" m_d="-0.919826" m_tx="52.224243" m_ty="-287.270203"/>
   <element name="broketool01" layername="broketoo" frame="1" z_index="6" m_a="0.717249" m_b="0.120563" m_c="-0.128187" m_d="0.762604" m_tx="-90.477989" m_ty="-155.230576"/>
   <element name="broketool01" layername="broketoo" frame="0" z_index="6" m_a="-0.295321" m_b="0.863144" m_c="-0.708107" m_d="-0.242276" m_tx="-3.931904" m_ty="-145.061371"/>
   <element name="broketool01" layername="broketoo" frame="0" z_index="6" m_a="-0.069227" m_b="-0.930546" m_c="0.749001" m_d="-0.055721" m_tx="-1.067563" m_ty="-254.697205"/>
  </frame>
  <frame idx="575" w="183" h="298" x="-104.001381" y="-278.615509">
   <element name="broketool01" layername="broketoo" frame="3" z_index="5" m_a="-0.818122" m_b="-0.422944" m_c="0.422944" m_d="-0.818122" m_tx="52.237881" m_ty="-249.983841"/>
   <element name="broketool01" layername="broketoo" frame="1" z_index="6" m_a="0.724876" m_b="0.056883" m_c="-0.060497" m_d="0.770925" m_tx="-90.537285" m_ty="-143.553192"/>
   <element name="broketool01" layername="broketoo" frame="0" z_index="6" m_a="-0.580521" m_b="0.673037" m_c="-0.569158" m_d="-0.490921" m_tx="-4.226923" m_ty="-167.252609"/>
   <element name="broketool01" layername="broketoo" frame="0" z_index="6" m_a="0.097058" m_b="-0.928555" m_c="0.747401" m_d="0.078123" m_tx="-1.187323" m_ty="-249.221909"/>
  </frame>
  <frame idx="600" w="191" h="254" x="-104.501381" y="-267.500854">
   <element name="broketool01" layername="broketoo" frame="3" z_index="6" m_a="-0.580001" m_b="-0.715730" m_c="0.715730" m_d="-0.580001" m_tx="52.200001" m_ty="-212.748993"/>
   <element name="broketool01" layername="broketoo" frame="1" z_index="6" m_a="0.724876" m_b="0.056883" m_c="-0.060497" m_d="0.770925" m_tx="-90.537285" m_ty="-143.553192"/>
   <element name="broketool01" layername="broketoo" frame="0" z_index="6" m_a="-0.768760" m_b="0.397297" m_c="-0.346562" m_d="-0.670589" m_tx="-4.389461" m_ty="-188.980759"/>
   <element name="broketool01" layername="broketoo" frame="0" z_index="6" m_a="0.260438" m_b="-0.897069" m_c="0.722061" m_d="0.209630" m_tx="-1.307084" m_ty="-243.746613"/>
  </frame>
  <frame idx="625" w="171" h="272" x="-80.776512" y="-263.694397">
   <element name="broketool01" layername="broketoo" frame="3" z_index="6" m_a="-0.399607" m_b="-0.768621" m_c="0.783140" m_d="-0.407156" m_tx="53.413235" m_ty="-187.454880"/>
   <element name="broketool01" layername="broketoo" frame="1" z_index="6" m_a="0.755805" m_b="0.125293" m_c="-0.125525" m_d="0.757205" m_tx="-68.311829" m_ty="-181.518494"/>
   <element name="broketool01" layername="broketoo" frame="0" z_index="6" m_a="-0.838106" m_b="0.079802" m_c="-0.071856" m_d="-0.754655" m_tx="-4.635630" m_ty="-210.277847"/>
   <element name="broketool01" layername="broketoo" frame="0" z_index="6" m_a="0.415720" m_b="-0.837058" m_c="0.673759" m_d="0.334619" m_tx="-1.426844" m_ty="-238.271317"/>
  </frame>
  <frame idx="650" w="166" h="297" x="-57.998497" y="-260.311157">
   <element name="broketool01" layername="broketoo" frame="3" z_index="6" m_a="-0.220383" m_b="-0.780754" m_c="0.812584" m_d="-0.229368" m_tx="54.601517" m_ty="-161.670212"/>
   <element name="broketool01" layername="broketoo" frame="1" z_index="6" m_a="0.780056" m_b="0.199386" m_c="-0.188650" m_d="0.738054" m_tx="-46.016350" m_ty="-219.364380"/>
   <element name="broketool01" layername="broketoo" frame="0" z_index="6" m_a="-0.784931" m_b="-0.231789" m_c="0.215603" m_d="-0.730121" m_tx="-5.133461" m_ty="-231.263870"/>
   <element name="broketool01" layername="broketoo" frame="0" z_index="6" m_a="0.557963" m_b="-0.750396" m_c="0.604007" m_d="0.449114" m_tx="-1.546605" m_ty="-232.796005"/>
  </frame>
  <frame idx="675" w="152" h="353" x="-34.687004" y="-284.759583">
   <element name="broketool01" layername="broketoo" frame="3" z_index="6" m_a="-0.104237" m_b="-0.766753" m_c="0.810914" m_d="-0.110241" m_tx="55.400002" m_ty="-143.949005"/>
   <element name="broketool01" layername="broketoo" frame="1" z_index="6" m_a="0.796887" m_b="0.278499" m_c="-0.249425" m_d="0.713696" m_tx="-23.668983" m_ty="-257.073853"/>
   <element name="broketool01" layername="broketoo" frame="0" z_index="6" m_a="-0.623516" m_b="-0.493178" m_c="0.474274" m_d="-0.599616" m_tx="-5.971259" m_ty="-252.114044"/>
   <element name="broketool01" layername="broketoo" frame="0" z_index="6" m_a="0.682635" m_b="-0.639808" m_c="0.514995" m_d="0.549466" m_tx="-1.666365" m_ty="-227.320709"/>
  </frame>
  <frame idx="700" w="136" h="430" x="-20.933006" y="-328.615051">
   <element name="broketool01" layername="broketoo" frame="3" z_index="6" m_a="-0.104237" m_b="-0.766753" m_c="0.810914" m_d="-0.110241" m_tx="55.400002" m_ty="-143.949005"/>
   <element name="broketool01" layername="broketoo" frame="1" z_index="6" m_a="0.805621" m_b="0.361879" m_c="-0.307424" m_d="0.684394" m_tx="-1.290828" m_ty="-294.632233"/>
   <element name="broketool01" layername="broketoo" frame="0" z_index="6" m_a="-0.383036" m_b="-0.669728" m_c="0.666433" m_d="-0.381151" m_tx="-7.143837" m_ty="-273.016296"/>
   <element name="broketool01" layername="broketoo" frame="0" z_index="6" m_a="0.785757" m_b="-0.508782" m_c="0.409531" m_d="0.632474" m_tx="-1.786126" m_ty="-221.845413"/>
  </frame>
 </anim>
</Anims>
