<Anims>
 <anim name="anim" root="NO EXPORT/ghost" numframes="100" framerate="40">
  <frame idx="0" w="351" h="1022" x="-29.448561" y="-536.398499">
   <element name="ghost_eyes" layername="ghost_eyes" frame="0" z_index="3" m_a="0.999420" m_b="-0.030792" m_c="0.030792" m_d="0.999420" m_tx="6.750000" m_ty="-401.748993"/>
   <element name="ghost_Hat" layername="ghost_Hat" frame="0" z_index="4" m_a="1.000000" m_b="0.000000" m_c="0.000000" m_d="1.000000" m_tx="3.601000" m_ty="-453.598999"/>
   <element name="ghost_tail" layername="ghost_tail" frame="0" z_index="5" m_a="1.000000" m_b="0.000000" m_c="0.000000" m_d="1.000000" m_tx="0.050000" m_ty="19.950001"/>
  </frame>
  <frame idx="25" w="347" h="1068" x="-32.172417" y="-578.138184">
   <element name="ghost_eyes" layername="ghost_eyes" frame="0" z_index="3" m_a="0.955618" m_b="-0.029445" m_c="0.035696" m_d="1.158503" m_tx="12.632353" m_ty="-395.866638"/>
   <element name="ghost_Hat" layername="ghost_Hat" frame="0" z_index="4" m_a="0.998427" m_b="0.011430" m_c="-0.011446" m_d="0.999807" m_tx="0.402471" m_ty="-491.797546"/>
   <element name="ghost_tail" layername="ghost_tail" frame="0" z_index="5" m_a="1.000000" m_b="0.000000" m_c="0.000000" m_d="1.000000" m_tx="0.050000" m_ty="19.950001"/>
  </frame>
  <frame idx="50" w="393" h="1061" x="-35.340374" y="-536.391479">
   <element name="ghost_eyes" layername="ghost_eyes" frame="0" z_index="3" m_a="1.043474" m_b="-0.020122" m_c="0.023160" m_d="1.201024" m_tx="22.319098" m_ty="-353.350586"/>
   <element name="ghost_Hat" layername="ghost_Hat" frame="0" z_index="4" m_a="1.125196" m_b="0.009043" m_c="-0.007842" m_d="0.975776" m_tx="1.674758" m_ty="-450.494446"/>
   <element name="ghost_tail" layername="ghost_tail" frame="0" z_index="5" m_a="1.000000" m_b="0.000000" m_c="0.000000" m_d="1.000000" m_tx="0.050000" m_ty="19.950001"/>
   <element name="ghost_FX" layername="ghost_FX" frame="7" z_index="5" m_a="1.000000" m_b="0.000000" m_c="0.000000" m_d="1.000000" m_tx="5.450000" m_ty="-10.849000"/>
  </frame>
  <frame idx="75" w="445" h="992" x="-38.800224" y="-472.432922">
   <element name="ghost_eyes" layername="ghost_eyes" frame="3" z_index="3" m_a="1.153471" m_b="-0.008119" m_c="0.008342" m_d="1.185171" m_tx="30.634901" m_ty="-309.425415"/>
   <element name="ghost_Hat" layername="ghost_Hat" frame="0" z_index="4" m_a="1.260470" m_b="0.000044" m_c="-0.000033" m_d="0.950287" m_tx="4.250000" m_ty="-391.998993"/>
   <element name="ghost_tail" layername="ghost_tail" frame="0" z_index="5" m_a="1.000000" m_b="0.000000" m_c="0.000000" m_d="1.000000" m_tx="0.050000" m_ty="19.950001"/>
   <element name="ghost_FX" layername="ghost_FX" frame="7" z_index="5" m_a="1.000000" m_b="0.000000" m_c="0.000000" m_d="1.000000" m_tx="5.450000" m_ty="-10.849000"/>
   <element name="ghost_body" layername="ghost_body" frame="0" z_index="5" m_a="0.958618" m_b="0.042106" m_c="-0.041283" m_d="0.939895" m_tx="6.900000" m_ty="-324.199005"/>
  </frame>
 </anim>
</Anims>
