<Anims>
 <anim name="idle" root="molotov" numframes="125" framerate="40">
  <frame idx="0" w="241" h="180" x="-32.674591" y="-40.199440">
   <element name="waterballoon01" layername="waterballoo" frame="0" z_index="10" m_a="1.000000" m_b="0.000000" m_c="0.000000" m_d="1.000000" m_tx="0.000000" m_ty="0.000000"/>
  </frame>
  <frame idx="25" w="241" h="180" x="-32.674591" y="-40.199440">
   <element name="waterballoon01" layername="waterballoo" frame="0" z_index="10" m_a="1.000000" m_b="0.000000" m_c="0.000000" m_d="1.000000" m_tx="0.000000" m_ty="0.000000"/>
  </frame>
  <frame idx="50" w="241" h="180" x="-32.674591" y="-40.199440">
   <element name="waterballoon01" layername="waterballoo" frame="0" z_index="10" m_a="1.000000" m_b="0.000000" m_c="0.000000" m_d="1.000000" m_tx="0.000000" m_ty="0.000000"/>
  </frame>
  <frame idx="75" w="241" h="180" x="-32.674591" y="-40.199440">
   <element name="waterballoon01" layername="waterballoo" frame="0" z_index="10" m_a="1.000000" m_b="0.000000" m_c="0.000000" m_d="1.000000" m_tx="0.000000" m_ty="0.000000"/>
  </frame>
  <frame idx="100" w="241" h="180" x="-32.674591" y="-40.199440">
   <element name="waterballoon01" layername="waterballoo" frame="0" z_index="10" m_a="1.000000" m_b="0.000000" m_c="0.000000" m_d="1.000000" m_tx="0.000000" m_ty="0.000000"/>
  </frame>
 </anim>
 <anim name="spin_loop" root="molotov" numframes="300" framerate="40">
  <frame idx="0" w="154" h="178" x="-10.923512" y="-12.874444">
   <element name="waterballoon01" layername="waterballoo" frame="1" z_index="10" m_a="1.000000" m_b="0.000000" m_c="0.000000" m_d="1.000000" m_tx="-5.299000" m_ty="15.450000"/>
  </frame>
  <frame idx="25" w="86" h="220" x="-76.207184" y="-16.918297">
   <element name="waterballoon01" layername="waterballoo" frame="1" z_index="10" m_a="0.467691" m_b="0.883616" m_c="-0.883616" m_d="0.467691" m_tx="-13.019588" m_ty="1.296324"/>
  </frame>
  <frame idx="50" w="235" h="18" x="-215.149918" y="2.409130">
   <element name="waterballoon01" layername="waterballoo" frame="1" z_index="10" m_a="-0.578204" m_b="0.815675" m_c="-0.815675" m_d="-0.578204" m_tx="-7.023727" m_ty="-9.811121"/>
  </frame>
  <frame idx="75" w="124" h="206" x="-116.793236" y="-187.759277">
   <element name="waterballoon01" layername="waterballoo" frame="1" z_index="10" m_a="-0.986835" m_b="-0.160251" m_c="0.160251" m_d="-0.986835" m_tx="5.718182" m_ty="-12.114393"/>
  </frame>
  <frame idx="100" w="127" h="195" x="-9.473238" y="-180.123642">
   <element name="waterballoon01" layername="waterballoo" frame="1" z_index="10" m_a="-0.288692" m_b="-0.956437" m_c="0.956437" m_d="-0.288692" m_tx="16.400000" m_ty="0.650000"/>
  </frame>
  <frame idx="125" w="236" h="23" x="-19.044607" y="-4.489236">
   <element name="waterballoon01" layername="waterballoo" frame="1" z_index="10" m_a="0.709203" m_b="-0.704612" m_c="0.704612" m_d="0.709203" m_tx="5.113235" m_ty="12.157352"/>
  </frame>
  <frame idx="150" w="90" h="224" x="-3.513634" y="-19.667948">
   <element name="waterballoon01" layername="waterballoo" frame="1" z_index="10" m_a="0.948023" m_b="0.315992" m_c="-0.315992" m_d="0.948023" m_tx="-7.216182" m_ty="9.633332"/>
  </frame>
  <frame idx="175" w="156" h="173" x="-141.483124" y="-10.875582">
   <element name="waterballoon01" layername="waterballoo" frame="1" z_index="10" m_a="0.132651" m_b="0.990074" m_c="-0.990074" m_d="0.132651" m_tx="-13.102030" m_ty="-1.910364"/>
  </frame>
  <frame idx="200" w="227" h="66" x="-210.420837" y="-60.220474">
   <element name="waterballoon01" layername="waterballoo" frame="1" z_index="10" m_a="-0.831423" m_b="0.555539" m_c="-0.555539" m_d="-0.831423" m_tx="-4.049000" m_ty="-15.849000"/>
  </frame>
  <frame idx="225" w="52" h="233" x="-49.478142" y="-212.766922">
   <element name="waterballoon01" layername="waterballoo" frame="1" z_index="10" m_a="-0.879355" m_b="-0.473557" m_c="0.473557" m_d="-0.879355" m_tx="10.288500" m_ty="-8.349000"/>
  </frame>
  <frame idx="250" w="183" h="148" x="-17.159294" y="-138.016464">
   <element name="waterballoon01" layername="waterballoo" frame="1" z_index="10" m_a="0.026910" m_b="-0.998748" m_c="0.998748" m_d="0.026910" m_tx="11.450000" m_ty="4.217182"/>
  </frame>
  <frame idx="275" w="236" h="22" x="-17.006277" y="-1.936126">
   <element name="waterballoon01" layername="waterballoo" frame="1" z_index="10" m_a="0.707062" m_b="-0.707062" m_c="0.707062" m_d="0.707062" m_tx="7.200000" m_ty="14.700000"/>
  </frame>
 </anim>
 <anim name="used" root="molotov" numframes="350" framerate="40">
  <frame idx="0" w="291" h="275" x="-88.198746" y="-104.248749">
   <element name="splash_fx" layername="splash_fx" frame="0" z_index="4" m_a="1.231550" m_b="0.000000" m_c="0.000000" m_d="1.031200" m_tx="-183.548996" m_ty="-115.598999"/>
   <element name="Symbol 6" layername="Symbol 6" frame="0" z_index="5" m_a="0.566864" m_b="0.000000" m_c="0.000000" m_d="0.566864" m_tx="-63.699001" m_ty="-30.049000"/>
   <element name="Symbol 5" layername="Symbol 5" frame="0" z_index="6" m_a="0.566864" m_b="0.000000" m_c="0.000000" m_d="0.566864" m_tx="-60.499001" m_ty="46.250000"/>
   <element name="Symbol 4" layername="Symbol 4" frame="0" z_index="7" m_a="0.566864" m_b="0.000000" m_c="0.000000" m_d="0.566864" m_tx="-1.649000" m_ty="88.199997"/>
   <element name="Symbol 3" layername="Symbol 3" frame="0" z_index="8" m_a="0.566864" m_b="0.000000" m_c="0.000000" m_d="0.566864" m_tx="58.049999" m_ty="49.849998"/>
   <element name="Symbol 2" layername="Symbol 2" frame="0" z_index="9" m_a="0.566864" m_b="0.000000" m_c="0.000000" m_d="0.566864" m_tx="63.700001" m_ty="-22.799000"/>
   <element name="Symbol 1" layername="Symbol" frame="0" z_index="10" m_a="0.566864" m_b="0.000000" m_c="0.000000" m_d="0.566864" m_tx="4.150000" m_ty="-81.249001"/>
  </frame>
  <frame idx="25" w="364" h="323" x="-99.130646" y="-119.163132">
   <element name="splash_fx" layername="splash_fx" frame="0" z_index="4" m_a="1.231550" m_b="0.000000" m_c="0.000000" m_d="1.031200" m_tx="-127.521713" m_ty="-85.518288"/>
   <element name="Symbol 6" layername="Symbol 6" frame="0" z_index="5" m_a="0.673103" m_b="0.000000" m_c="0.000000" m_d="0.673103" m_tx="-68.630943" m_ty="-28.559912"/>
   <element name="Symbol 5" layername="Symbol 5" frame="0" z_index="6" m_a="0.673103" m_b="0.000000" m_c="0.000000" m_d="0.673103" m_tx="-61.432938" m_ty="46.469727"/>
   <element name="Symbol 4" layername="Symbol 4" frame="0" z_index="7" m_a="0.673103" m_b="0.000000" m_c="0.000000" m_d="0.673103" m_tx="-0.677549" m_ty="98.949913"/>
   <element name="Symbol 3" layername="Symbol 3" frame="0" z_index="8" m_a="0.673103" m_b="0.000000" m_c="0.000000" m_d="0.673103" m_tx="64.005127" m_ty="53.416817"/>
   <element name="Symbol 2" layername="Symbol 2" frame="0" z_index="9" m_a="0.673103" m_b="0.000000" m_c="0.000000" m_d="0.673103" m_tx="72.794174" m_ty="-24.874739"/>
   <element name="Symbol 1" layername="Symbol" frame="0" z_index="10" m_a="0.673103" m_b="0.000000" m_c="0.000000" m_d="0.673103" m_tx="4.108936" m_ty="-92.163429"/>
  </frame>
  <frame idx="50" w="652" h="540" x="-135.225922" y="-148.117859">
   <element name="splash_fx" layername="splash_fx" frame="1" z_index="4" m_a="1.231550" m_b="0.000000" m_c="0.000000" m_d="1.031200" m_tx="-28.467180" m_ty="-38.554482"/>
   <element name="Symbol 6" layername="Symbol 6" frame="1" z_index="5" m_a="0.773287" m_b="0.000000" m_c="0.000000" m_d="0.773287" m_tx="-72.220146" m_ty="-27.222353"/>
   <element name="Symbol 5" layername="Symbol 5" frame="1" z_index="6" m_a="0.773287" m_b="0.000000" m_c="0.000000" m_d="0.773287" m_tx="-60.681892" m_ty="43.191795"/>
   <element name="Symbol 4" layername="Symbol 4" frame="1" z_index="7" m_a="0.773287" m_b="0.000000" m_c="0.000000" m_d="0.773287" m_tx="7.423644" m_ty="104.769104"/>
   <element name="Symbol 3" layername="Symbol 3" frame="1" z_index="8" m_a="0.773287" m_b="0.000000" m_c="0.000000" m_d="0.773287" m_tx="64.818344" m_ty="54.777817"/>
   <element name="Symbol 2" layername="Symbol 2" frame="1" z_index="9" m_a="0.773287" m_b="0.000000" m_c="0.000000" m_d="0.773287" m_tx="70.548012" m_ty="-30.668146"/>
   <element name="Symbol 1" layername="Symbol" frame="1" z_index="10" m_a="0.773287" m_b="0.000000" m_c="0.000000" m_d="0.773287" m_tx="3.686340" m_ty="-96.796600"/>
  </frame>
  <frame idx="75" w="873" h="750" x="-163.431900" y="-181.637695">
   <element name="splash_fx" layername="splash_fx" frame="2" z_index="4" m_a="1.231550" m_b="0.000000" m_c="0.000000" m_d="1.031200" m_tx="59.456059" m_ty="18.130211"/>
   <element name="Symbol 6" layername="Symbol 6" frame="2" z_index="5" m_a="0.872732" m_b="0.000000" m_c="0.000000" m_d="0.872732" m_tx="-73.675919" m_ty="-25.929935"/>
   <element name="Symbol 5" layername="Symbol 5" frame="2" z_index="6" m_a="0.872732" m_b="0.000000" m_c="0.000000" m_d="0.872732" m_tx="-58.829338" m_ty="41.531681"/>
   <element name="Symbol 4" layername="Symbol 4" frame="2" z_index="7" m_a="0.872732" m_b="0.000000" m_c="0.000000" m_d="0.872732" m_tx="11.658153" m_ty="110.458633"/>
   <element name="Symbol 3" layername="Symbol 3" frame="2" z_index="8" m_a="0.872732" m_b="0.000000" m_c="0.000000" m_d="0.872732" m_tx="67.723770" m_ty="57.503139"/>
   <element name="Symbol 2" layername="Symbol 2" frame="2" z_index="9" m_a="0.872732" m_b="0.000000" m_c="0.000000" m_d="0.872732" m_tx="72.586952" m_ty="-16.540033"/>
   <element name="Symbol 1" layername="Symbol" frame="2" z_index="10" m_a="0.872732" m_b="0.000000" m_c="0.000000" m_d="0.872732" m_tx="7.001903" m_ty="-100.745316"/>
  </frame>
  <frame idx="100" w="1076" h="944" x="-196.498764" y="-219.098785">
   <element name="splash_fx" layername="splash_fx" frame="3" z_index="4" m_a="1.231550" m_b="0.000000" m_c="0.000000" m_d="1.031200" m_tx="134.727295" m_ty="76.811249"/>
   <element name="Symbol 6" layername="Symbol 6" frame="3" z_index="5" m_a="0.977844" m_b="0.000000" m_c="0.000000" m_d="0.977844" m_tx="-76.186584" m_ty="-24.615158"/>
   <element name="Symbol 5" layername="Symbol 5" frame="3" z_index="6" m_a="0.977844" m_b="0.000000" m_c="0.000000" m_d="0.977844" m_tx="-58.095860" m_ty="42.055534"/>
   <element name="Symbol 4" layername="Symbol 4" frame="3" z_index="7" m_a="0.977844" m_b="0.000000" m_c="0.000000" m_d="0.977844" m_tx="4.584377" m_ty="118.406616"/>
   <element name="Symbol 3" layername="Symbol 3" frame="3" z_index="8" m_a="0.977844" m_b="0.000000" m_c="0.000000" m_d="0.977844" m_tx="73.310455" m_ty="61.511600"/>
   <element name="Symbol 2" layername="Symbol 2" frame="3" z_index="9" m_a="0.977844" m_b="0.000000" m_c="0.000000" m_d="0.977844" m_tx="78.254173" m_ty="-8.112608"/>
   <element name="Symbol 1" layername="Symbol" frame="3" z_index="10" m_a="0.977844" m_b="0.000000" m_c="0.000000" m_d="0.977844" m_tx="16.832527" m_ty="-106.633041"/>
  </frame>
  <frame idx="125" w="1080" h="947" x="-196.498764" y="-219.098785">
   <element name="splash_fx" layername="splash_fx" frame="3" z_index="4" m_a="1.231550" m_b="0.000000" m_c="0.000000" m_d="1.031200" m_tx="137.871231" m_ty="70.291222"/>
   <element name="Symbol 6" layername="Symbol 6" frame="3" z_index="5" m_a="0.977844" m_b="0.000000" m_c="0.000000" m_d="0.977844" m_tx="-76.186584" m_ty="-24.615158"/>
   <element name="Symbol 5" layername="Symbol 5" frame="3" z_index="6" m_a="0.977844" m_b="0.000000" m_c="0.000000" m_d="0.977844" m_tx="-58.095860" m_ty="42.055534"/>
   <element name="Symbol 4" layername="Symbol 4" frame="3" z_index="7" m_a="0.839618" m_b="0.000000" m_c="0.000000" m_d="0.839618" m_tx="2.036593" m_ty="151.058304"/>
   <element name="Symbol 3" layername="Symbol 3" frame="3" z_index="8" m_a="0.977844" m_b="0.000000" m_c="0.000000" m_d="0.977844" m_tx="73.310455" m_ty="61.511600"/>
   <element name="Symbol 2" layername="Symbol 2" frame="3" z_index="9" m_a="0.839618" m_b="0.000000" m_c="0.000000" m_d="0.839618" m_tx="104.524658" m_ty="-25.499010"/>
   <element name="Symbol 1" layername="Symbol" frame="3" z_index="10" m_a="0.977844" m_b="0.000000" m_c="0.000000" m_d="0.977844" m_tx="16.832527" m_ty="-106.633041"/>
  </frame>
  <frame idx="150" w="1137" h="1064" x="-200.581177" y="-289.655518">
   <element name="splash_fx" layername="splash_fx" frame="4" z_index="7" m_a="1.231550" m_b="0.000000" m_c="0.000000" m_d="1.031200" m_tx="156.940598" m_ty="70.052238"/>
   <element name="Symbol 6" layername="Symbol 6" frame="3" z_index="10" m_a="0.949622" m_b="0.000000" m_c="0.000000" m_d="0.949622" m_tx="-76.143845" m_ty="-25.718981"/>
   <element name="Symbol 5" layername="Symbol 5" frame="3" z_index="10" m_a="0.949622" m_b="0.000000" m_c="0.000000" m_d="0.949622" m_tx="-59.412746" m_ty="43.358112"/>
   <element name="Symbol 4" layername="Symbol 4" frame="3" z_index="8" m_a="0.789856" m_b="0.000000" m_c="0.000000" m_d="0.789856" m_tx="1.119391" m_ty="162.812912"/>
   <element name="Symbol 3" layername="Symbol 3" frame="3" z_index="10" m_a="0.949622" m_b="0.000000" m_c="0.000000" m_d="0.949622" m_tx="73.075340" m_ty="61.369034"/>
   <element name="Symbol 2" layername="Symbol 2" frame="3" z_index="9" m_a="0.789856" m_b="0.000000" m_c="0.000000" m_d="0.789856" m_tx="113.982025" m_ty="-31.758114"/>
   <element name="Symbol 1" layername="Symbol" frame="3" z_index="10" m_a="0.949622" m_b="0.000000" m_c="0.000000" m_d="0.949622" m_tx="15.792754" m_ty="-105.789474"/>
   <element name="Symbol 2" layername="Symbol 2" frame="3" z_index="10" m_a="0.540557" m_b="-0.575790" m_c="0.575790" m_d="0.540557" m_tx="38.049999" m_ty="-162.798996"/>
  </frame>
  <frame idx="175" w="1156" h="1078" x="-200.406921" y="-290.655518">
   <element name="splash_fx" layername="splash_fx" frame="5" z_index="10" m_a="1.231550" m_b="0.000000" m_c="0.000000" m_d="1.031200" m_tx="164.484970" m_ty="65.520363"/>
   <element name="Symbol 6" layername="Symbol 6" frame="3" z_index="10" m_a="0.905526" m_b="0.000000" m_c="0.000000" m_d="0.905526" m_tx="-75.836525" m_ty="-27.227995"/>
   <element name="Symbol 5" layername="Symbol 5" frame="3" z_index="10" m_a="0.905526" m_b="0.000000" m_c="0.000000" m_d="0.905526" m_tx="-61.130329" m_ty="45.093884"/>
   <element name="Symbol 4" layername="Symbol 4" frame="3" z_index="10" m_a="0.780936" m_b="0.000000" m_c="0.000000" m_d="0.780936" m_tx="0.973765" m_ty="160.124756"/>
   <element name="Symbol 3" layername="Symbol 3" frame="3" z_index="10" m_a="0.905526" m_b="0.000000" m_c="0.000000" m_d="0.905526" m_tx="72.468025" m_ty="60.951954"/>
   <element name="Symbol 2" layername="Symbol 2" frame="3" z_index="10" m_a="0.780936" m_b="0.000000" m_c="0.000000" m_d="0.780936" m_tx="112.277206" m_ty="-31.672844"/>
   <element name="Symbol 1" layername="Symbol" frame="3" z_index="10" m_a="0.905526" m_b="0.000000" m_c="0.000000" m_d="0.905526" m_tx="14.217961" m_ty="-104.205841"/>
   <element name="Symbol 2" layername="Symbol 2" frame="3" z_index="10" m_a="0.540557" m_b="-0.575790" m_c="0.575790" m_d="0.540557" m_tx="38.049999" m_ty="-162.798996"/>
  </frame>
  <frame idx="200" w="1155" h="1079" x="-198.439301" y="-290.655518">
   <element name="splash_fx" layername="splash_fx" frame="6" z_index="10" m_a="1.231550" m_b="0.000000" m_c="0.000000" m_d="1.031200" m_tx="162.759003" m_ty="60.208134"/>
   <element name="Symbol 6" layername="Symbol 6" frame="3" z_index="10" m_a="0.861429" m_b="0.000000" m_c="0.000000" m_d="0.861429" m_tx="-75.235870" m_ty="-28.473940"/>
   <element name="Symbol 5" layername="Symbol 5" frame="3" z_index="10" m_a="0.861429" m_b="0.000000" m_c="0.000000" m_d="0.861429" m_tx="-62.433216" m_ty="46.464390"/>
   <element name="Symbol 4" layername="Symbol 4" frame="3" z_index="10" m_a="0.753062" m_b="0.000000" m_c="0.000000" m_d="0.753062" m_tx="0.537422" m_ty="151.565109"/>
   <element name="Symbol 3" layername="Symbol 3" frame="3" z_index="10" m_a="0.861429" m_b="0.000000" m_c="0.000000" m_d="0.861429" m_tx="71.568077" m_ty="60.297897"/>
   <element name="Symbol 2" layername="Symbol 2" frame="3" z_index="10" m_a="0.753062" m_b="0.000000" m_c="0.000000" m_d="0.753062" m_tx="106.785019" m_ty="-31.259701"/>
   <element name="Symbol 1" layername="Symbol" frame="3" z_index="10" m_a="0.861429" m_b="0.000000" m_c="0.000000" m_d="0.861429" m_tx="12.703966" m_ty="-102.298347"/>
   <element name="Symbol 2" layername="Symbol 2" frame="3" z_index="10" m_a="0.540557" m_b="-0.575790" m_c="0.575790" m_d="0.540557" m_tx="38.049999" m_ty="-162.798996"/>
  </frame>
  <frame idx="225" w="1156" h="1083" x="-196.178375" y="-291.155518">
   <element name="splash_fx" layername="splash_fx" frame="6" z_index="10" m_a="1.231550" m_b="0.000000" m_c="0.000000" m_d="1.031200" m_tx="165.822388" m_ty="50.481312"/>
   <element name="Symbol 6" layername="Symbol 6" frame="3" z_index="10" m_a="0.817333" m_b="0.000000" m_c="0.000000" m_d="0.817333" m_tx="-74.341881" m_ty="-29.456827"/>
   <element name="Symbol 5" layername="Symbol 5" frame="3" z_index="10" m_a="0.817333" m_b="0.000000" m_c="0.000000" m_d="0.817333" m_tx="-63.321407" m_ty="47.469635"/>
   <element name="Symbol 4" layername="Symbol 4" frame="3" z_index="10" m_a="0.725188" m_b="0.000000" m_c="0.000000" m_d="0.725188" m_tx="0.129474" m_ty="142.764267"/>
   <element name="Symbol 3" layername="Symbol 3" frame="3" z_index="10" m_a="0.817333" m_b="0.000000" m_c="0.000000" m_d="0.817333" m_tx="70.375496" m_ty="59.406864"/>
   <element name="Symbol 2" layername="Symbol 2" frame="3" z_index="10" m_a="0.725188" m_b="0.000000" m_c="0.000000" m_d="0.725188" m_tx="101.043442" m_ty="-30.624310"/>
   <element name="Symbol 1" layername="Symbol" frame="3" z_index="10" m_a="0.817333" m_b="0.000000" m_c="0.000000" m_d="0.817333" m_tx="11.250769" m_ty="-100.067001"/>
   <element name="Symbol 2" layername="Symbol 2" frame="3" z_index="10" m_a="0.540557" m_b="-0.575790" m_c="0.575790" m_d="0.540557" m_tx="38.049999" m_ty="-162.798996"/>
  </frame>
  <frame idx="250" w="1161" h="1070" x="-194.681091" y="-290.155518">
   <element name="splash_fx" layername="splash_fx" frame="7" z_index="10" m_a="1.231550" m_b="0.000000" m_c="0.000000" m_d="1.031200" m_tx="169.171387" m_ty="30.473063"/>
   <element name="Symbol 6" layername="Symbol 6" frame="3" z_index="10" m_a="0.773236" m_b="0.000000" m_c="0.000000" m_d="0.773236" m_tx="-73.154549" m_ty="-30.176653"/>
   <element name="Symbol 5" layername="Symbol 5" frame="3" z_index="10" m_a="0.773236" m_b="0.000000" m_c="0.000000" m_d="0.773236" m_tx="-63.794895" m_ty="48.109619"/>
   <element name="Symbol 4" layername="Symbol 4" frame="3" z_index="10" m_a="0.697314" m_b="0.000000" m_c="0.000000" m_d="0.697314" m_tx="-0.250080" m_ty="133.722244"/>
   <element name="Symbol 3" layername="Symbol 3" frame="3" z_index="10" m_a="0.773236" m_b="0.000000" m_c="0.000000" m_d="0.773236" m_tx="68.890282" m_ty="58.278843"/>
   <element name="Symbol 2" layername="Symbol 2" frame="3" z_index="10" m_a="0.697314" m_b="0.000000" m_c="0.000000" m_d="0.697314" m_tx="95.052475" m_ty="-29.766672"/>
   <element name="Symbol 1" layername="Symbol" frame="3" z_index="10" m_a="0.773236" m_b="0.000000" m_c="0.000000" m_d="0.773236" m_tx="9.858368" m_ty="-97.511795"/>
   <element name="Symbol 2" layername="Symbol 2" frame="3" z_index="10" m_a="0.540557" m_b="-0.575790" m_c="0.575790" m_d="0.540557" m_tx="38.049999" m_ty="-162.798996"/>
  </frame>
  <frame idx="275" w="1076" h="1023" x="-185.807404" y="-286.155518">
   <element name="splash_fx" layername="splash_fx" frame="8" z_index="10" m_a="1.231550" m_b="0.000000" m_c="0.000000" m_d="1.031200" m_tx="144.542267" m_ty="17.389648"/>
   <element name="Symbol 6" layername="Symbol 6" frame="3" z_index="10" m_a="0.729139" m_b="0.000000" m_c="0.000000" m_d="0.729139" m_tx="-71.673874" m_ty="-30.633413"/>
   <element name="Symbol 5" layername="Symbol 5" frame="3" z_index="10" m_a="0.729139" m_b="0.000000" m_c="0.000000" m_d="0.729139" m_tx="-63.853691" m_ty="48.384342"/>
   <element name="Symbol 4" layername="Symbol 4" frame="3" z_index="10" m_a="0.669440" m_b="0.000000" m_c="0.000000" m_d="0.669440" m_tx="-0.601240" m_ty="124.439049"/>
   <element name="Symbol 3" layername="Symbol 3" frame="3" z_index="10" m_a="0.729139" m_b="0.000000" m_c="0.000000" m_d="0.729139" m_tx="67.112419" m_ty="56.913849"/>
   <element name="Symbol 2" layername="Symbol 2" frame="3" z_index="10" m_a="0.669440" m_b="0.000000" m_c="0.000000" m_d="0.669440" m_tx="88.812119" m_ty="-28.686785"/>
   <element name="Symbol 1" layername="Symbol" frame="3" z_index="10" m_a="0.729139" m_b="0.000000" m_c="0.000000" m_d="0.729139" m_tx="8.526764" m_ty="-94.632736"/>
   <element name="Symbol 2" layername="Symbol 2" frame="3" z_index="10" m_a="0.540557" m_b="-0.575790" m_c="0.575790" m_d="0.540557" m_tx="38.049999" m_ty="-162.798996"/>
  </frame>
  <frame idx="300" w="1072" h="1023" x="-183.019012" y="-286.155518">
   <element name="splash_fx" layername="splash_fx" frame="8" z_index="10" m_a="1.231550" m_b="0.000000" m_c="0.000000" m_d="1.031200" m_tx="144.542267" m_ty="17.389648"/>
   <element name="Symbol 6" layername="Symbol 6" frame="3" z_index="10" m_a="0.685043" m_b="0.000000" m_c="0.000000" m_d="0.685043" m_tx="-69.899872" m_ty="-30.827108"/>
   <element name="Symbol 5" layername="Symbol 5" frame="3" z_index="10" m_a="0.685043" m_b="0.000000" m_c="0.000000" m_d="0.685043" m_tx="-63.497787" m_ty="48.293808"/>
   <element name="Symbol 4" layername="Symbol 4" frame="3" z_index="10" m_a="0.641566" m_b="0.000000" m_c="0.000000" m_d="0.641566" m_tx="-0.924006" m_ty="114.914650"/>
   <element name="Symbol 3" layername="Symbol 3" frame="3" z_index="10" m_a="0.685043" m_b="0.000000" m_c="0.000000" m_d="0.685043" m_tx="65.041939" m_ty="55.311878"/>
   <element name="Symbol 2" layername="Symbol 2" frame="3" z_index="10" m_a="0.641566" m_b="0.000000" m_c="0.000000" m_d="0.641566" m_tx="82.322365" m_ty="-27.384653"/>
   <element name="Symbol 1" layername="Symbol" frame="3" z_index="10" m_a="0.685043" m_b="0.000000" m_c="0.000000" m_d="0.685043" m_tx="7.255958" m_ty="-91.429817"/>
   <element name="Symbol 2" layername="Symbol 2" frame="3" z_index="10" m_a="0.540557" m_b="-0.575790" m_c="0.575790" m_d="0.540557" m_tx="38.049999" m_ty="-162.798996"/>
  </frame>
  <frame idx="325" w="1070" h="1023" x="-180.315933" y="-286.155518">
   <element name="splash_fx" layername="splash_fx" frame="8" z_index="10" m_a="1.231550" m_b="0.000000" m_c="0.000000" m_d="1.031200" m_tx="144.542267" m_ty="17.389648"/>
   <element name="Symbol 6" layername="Symbol 6" frame="3" z_index="10" m_a="0.640946" m_b="0.000000" m_c="0.000000" m_d="0.640946" m_tx="-67.832520" m_ty="-30.757744"/>
   <element name="Symbol 5" layername="Symbol 5" frame="3" z_index="10" m_a="0.640946" m_b="0.000000" m_c="0.000000" m_d="0.640946" m_tx="-62.727180" m_ty="47.838009"/>
   <element name="Symbol 4" layername="Symbol 4" frame="3" z_index="10" m_a="0.613692" m_b="0.000000" m_c="0.000000" m_d="0.613692" m_tx="-1.218377" m_ty="105.149094"/>
   <element name="Symbol 3" layername="Symbol 3" frame="3" z_index="10" m_a="0.640946" m_b="0.000000" m_c="0.000000" m_d="0.640946" m_tx="62.678818" m_ty="53.472923"/>
   <element name="Symbol 2" layername="Symbol 2" frame="3" z_index="10" m_a="0.613692" m_b="0.000000" m_c="0.000000" m_d="0.613692" m_tx="75.583206" m_ty="-25.860275"/>
   <element name="Symbol 1" layername="Symbol" frame="3" z_index="10" m_a="0.640946" m_b="0.000000" m_c="0.000000" m_d="0.640946" m_tx="6.045949" m_ty="-87.903046"/>
   <element name="Symbol 2" layername="Symbol 2" frame="3" z_index="10" m_a="0.540557" m_b="-0.575790" m_c="0.575790" m_d="0.540557" m_tx="38.049999" m_ty="-162.798996"/>
  </frame>
 </anim>
</Anims>
