<Anims>
 <anim name="BUILD_PLAYER" root="waria" numframes="25" framerate="40">
  <frame idx="0" w="624" h="764" x="-190.571243" y="-268.573486">
   <element name="face" layername="face" frame="0" z_index="4" m_a="1.000000" m_b="0.000000" m_c="0.000000" m_d="1.000000" m_tx="8.450000" m_ty="-185.298996"/>
   <element name="headbase_hat" layername="headbase_hat" frame="0" z_index="5" m_a="1.000000" m_b="0.000000" m_c="0.000000" m_d="1.000000" m_tx="2.468085" m_ty="-125.354317"/>
   <element name="headbase" layername="headbase" frame="0" z_index="6" m_a="1.000000" m_b="0.000000" m_c="0.000000" m_d="1.000000" m_tx="2.000000" m_ty="-120.098999"/>
   <element name="skirt" layername="skirt" frame="0" z_index="7" m_a="1.000000" m_b="0.000000" m_c="0.000000" m_d="1.000000" m_tx="0.750000" m_ty="-44.299000"/>
   <element name="torso" layername="torso" frame="0" z_index="8" m_a="1.000000" m_b="0.000000" m_c="0.000000" m_d="1.000000" m_tx="0.750000" m_ty="-44.848999"/>
   <element name="foot" layername="foot" frame="0" z_index="9" m_a="-1.000000" m_b="0.000000" m_c="0.000000" m_d="1.000000" m_tx="6.750000" m_ty="-10.049000"/>
   <element name="foot" layername="foot" frame="0" z_index="10" m_a="1.000000" m_b="0.000000" m_c="0.000000" m_d="1.000000" m_tx="-5.549000" m_ty="-10.049000"/>
   <element name="leg" layername="leg" frame="0" z_index="11" m_a="-1.000000" m_b="0.000000" m_c="0.000000" m_d="1.000000" m_tx="6.750000" m_ty="-40.049000"/>
   <element name="leg" layername="leg" frame="0" z_index="12" m_a="1.000000" m_b="0.000000" m_c="0.000000" m_d="1.000000" m_tx="-5.549000" m_ty="-40.049000"/>
   <element name="hand" layername="hand" frame="0" z_index="13" m_a="0.993774" m_b="-0.031402" m_c="0.031402" m_d="0.993774" m_tx="-39.398998" m_ty="-53.299000"/>
   <element name="arm_upper" layername="arm_upper" frame="0" z_index="14" m_a="0.931120" m_b="0.358449" m_c="-0.358449" m_d="0.931120" m_tx="-19.849001" m_ty="-110.899002"/>
   <element name="arm_lower" layername="arm_lower" frame="0" z_index="15" m_a="0.973281" m_b="0.207019" m_c="-0.207019" m_d="0.973281" m_tx="-32.449001" m_ty="-81.698997"/>
   <element name="hand" layername="hand" frame="0" z_index="16" m_a="-0.993774" m_b="-0.031404" m_c="-0.031404" m_d="0.993774" m_tx="39.599998" m_ty="-53.299000"/>
   <element name="arm_upper" layername="arm_upper" frame="0" z_index="17" m_a="-0.931121" m_b="0.358444" m_c="0.358444" m_d="0.931121" m_tx="20.100000" m_ty="-110.899002"/>
   <element name="arm_lower" layername="arm_lower" frame="0" z_index="18" m_a="-0.973282" m_b="0.207016" m_c="0.207016" m_d="0.973282" m_tx="32.700001" m_ty="-81.698997"/>
   <element name="hand" layername="hand_2" frame="1" z_index="16" m_a="-0.162842" m_b="-0.980041" m_c="0.980041" m_d="-0.162842" m_tx="92.750000" m_ty="-104.598999"/>
   <element name="arm_upper" layername="arm_upper_2" frame="1" z_index="17" m_a="0.482436" m_b="-0.870926" m_c="0.870926" m_d="0.482436" m_tx="21.750000" m_ty="-106.649002"/>
   <element name="arm_lower" layername="arm_lower_2" frame="1" z_index="18" m_a="-0.316664" m_b="-0.941819" m_c="0.941819" m_d="-0.316664" m_tx="53.650002" m_ty="-89.848999"/>
   <element name="hairpigtails" layername="hairpigtails" frame="0" z_index="19" m_a="1.000000" m_b="0.000000" m_c="0.000000" m_d="1.000000" m_tx="-43.348999" m_ty="-177.348999"/>
   <element name="hairpigtails" layername="hairpigtails" frame="1" z_index="20" m_a="1.000000" m_b="0.000000" m_c="0.000000" m_d="1.000000" m_tx="47.849998" m_ty="-165.098999"/>
  </frame>
 </anim>
</Anims>
